batch_size,dense1,dense2,dropout,epochs,l2,learning_rate,mean_val_acc,std_val_acc,mean_val_f1_weighted,std_val_f1_weighted,mean_val_f1_macro,std_val_f1_macro,mean_val_f1,std_val_f1,early_stopping,early_stopping_patience,cv_splits,time_sec
16,25,8,0.0,20,0.0,0.001,0.926920310829933,0.001791067504976164,0.9269032515961868,0.0017911755931213566,0.937869356256015,0.0012377980207040964,0.9269032515961868,0.0017911755931213566,True,5,3,71.21353054046631
16,25,8,0.0,20,0.0,0.0005,0.923197557871756,0.0004892322360849525,0.9232785789351677,0.0005201563771061655,0.9347738323042778,0.000341645806370812,0.9232785789351677,0.0005201563771061655,True,5,3,74.26591277122498
16,25,8,0.0,20,0.0001,0.001,0.9252547679425924,0.0016301825809301677,0.9252461080749484,0.0016658215697954043,0.9358389866347595,0.0017484524903134725,0.9252461080749484,0.0016658215697954043,True,5,3,73.55515313148499
16,25,8,0.0,20,0.0001,0.0005,0.9240793345015111,0.001552470274825784,0.9241236315648175,0.0016514019098843122,0.93554768925123,0.0015909206036464286,0.9241236315648175,0.0016514019098843122,True,5,3,71.87917017936707
16,25,8,0.0,40,0.0,0.001,0.9283897753875224,0.002535482946058136,0.9284332536960619,0.002425573176777388,0.9388983472182799,0.0016078171485975066,0.9284332536960619,0.002425573176777388,True,5,3,115.0191171169281
16,25,8,0.0,40,0.0,0.0005,0.9271160148545027,0.0008627350753844696,0.927179165364604,0.0009504390481705703,0.9383599203487899,0.0005779498936571128,0.927179165364604,0.0009504390481705703,True,5,3,141.37489247322083
16,25,8,0.0,40,0.0001,0.001,0.9274101611418359,0.002082112720999117,0.9274518191708796,0.002129642427997327,0.9383549088689348,0.0014279842657773884,0.9274518191708796,0.002129642427997327,True,5,3,133.0998613834381
16,25,8,0.0,40,0.0001,0.0005,0.926626682811313,0.003663461216828401,0.926693842190355,0.003651199346733247,0.9377090044478434,0.0026831571266148807,0.926693842190355,0.003651199346733247,True,5,3,145.16543745994568
16,25,8,0.4,20,0.0,0.001,0.9184950179116548,0.00229072856654141,0.91822331837467,0.0022560734038622153,0.9286303088835903,0.003956193146043728,0.91822331837467,0.0022560734038622153,True,5,3,87.42655324935913
16,25,8,0.4,20,0.0,0.0005,0.9118335373872427,0.00457770821077606,0.9110721991712284,0.004860482756069442,0.9208315947323165,0.006305116398627332,0.9110721991712284,0.004860482756069442,True,5,3,91.14860343933105
16,25,8,0.4,20,0.0001,0.001,0.9170258700738342,0.00013315662607615153,0.9167234675766237,0.0005924535075800702,0.9296139845357626,0.0007486670628853314,0.9167234675766237,0.0005924535075800702,True,5,3,86.98174667358398
16,25,8,0.4,20,0.0001,0.0005,0.9109521350626694,0.00267375568556996,0.910345272580925,0.0027654471878647124,0.9211186873731818,0.0028872125229828555,0.910345272580925,0.0027654471878647124,True,5,3,92.87231779098511
16,25,8,0.4,40,0.0,0.001,0.9179079922160646,0.0034022710364540257,0.9176295060277243,0.0034671358250205064,0.9299839480046131,0.002398682650627402,0.9176295060277243,0.0034671358250205064,True,5,3,160.16091752052307
16,25,8,0.4,40,0.0,0.0005,0.916242161401661,0.0004800089964682775,0.9160734771266883,0.0003183332120114755,0.9276927591601005,0.0014926776080886575,0.9160734771266883,0.0003183332120114755,True,5,3,154.47012281417847
16,25,8,0.4,40,0.0001,0.001,0.9170257836957155,0.0005657095631935965,0.9168807867277854,0.0005765000062149537,0.9289750781582177,0.0013029737717673553,0.9168807867277854,0.0005765000062149537,True,5,3,128.94744062423706
16,25,8,0.4,40,0.0001,0.0005,0.9119323251624816,0.0036771157111512008,0.9115297721129422,0.0038103569344089855,0.9245011969913431,0.0024847649451620614,0.9115297721129422,0.0038103569344089855,True,5,3,152.08662176132202
16,25,16,0.0,20,0.0,0.001,0.9275082003067115,0.002792568411304891,0.9275560024253992,0.002773087250887871,0.938704177678613,0.0019361543122257637,0.9275560024253992,0.002773087250887871,True,5,3,79.54582595825195
16,25,16,0.0,20,0.0,0.0005,0.922903929853136,0.002452722598873848,0.9229769163750784,0.002314888496488278,0.9339385130922802,0.0012940771854424856,0.9229769163750784,0.002314888496488278,True,5,3,77.2559061050415
16,25,16,0.0,20,0.0001,0.001,0.9270183499948086,0.002634315398559039,0.9271044135045449,0.002632933366793447,0.9380457370843449,0.0021367276761447176,0.9271044135045449,0.002632933366793447,True,5,3,92.20424437522888
16,25,16,0.0,20,0.0001,0.0005,0.9249608232042031,0.00036468606491489954,0.9250225228415584,0.00044184867547670517,0.9362398904398561,0.0007726654422974001,0.9250225228415584,0.00044184867547670517,True,5,3,84.40834665298462
16,25,16,0.0,40,0.0,0.001,0.9269204547934645,0.002832758737992874,0.9269691519297169,0.002693784686883493,0.9374933188945779,0.0021180450842637065,0.9269691519297169,0.002693784686883493,True,5,3,127.01386404037476
16,25,16,0.0,40,0.0,0.0005,0.9285857961318612,0.0028198424173352713,0.92862408571219,0.0028175641100729822,0.9390937718208446,0.001939963575259957,0.92862408571219,0.0028175641100729822,True,5,3,131.9319043159485
16,25,16,0.0,40,0.0001,0.001,0.9289775784861821,0.00232142636994701,0.9289287338616635,0.0022940567367006922,0.9392793449600857,0.001438370966035394,0.9289287338616635,0.0022940567367006922,True,5,3,117.13481760025024
16,25,16,0.0,40,0.0001,0.0005,0.9280961185761961,0.0038175658300412113,0.9281588032354228,0.003798480276133865,0.938720405116899,0.002752558104602406,0.9281588032354228,0.003798480276133865,True,5,3,130.50462985038757
16,25,16,0.4,20,0.0,0.001,0.9214340909903648,0.00091512460567682,0.921210731410231,0.000714819969391981,0.932884354382621,0.000603966054285914,0.921210731410231,0.000714819969391981,True,5,3,71.75771594047546
16,25,16,0.4,20,0.0,0.0005,0.9165356742494563,0.005202413287464421,0.9158638513664528,0.005534735569340849,0.9263875238620002,0.00539840357303899,0.9158638513664528,0.005534735569340849,True,5,3,71.92752432823181
16,25,16,0.4,20,0.0001,0.001,0.9202585999638709,0.0009713271999625649,0.9200627159736513,0.0008649574443006025,0.9319232673209313,0.0014640984545599945,0.9200627159736513,0.0008649574443006025,True,5,3,72.77092742919922
16,25,16,0.4,20,0.0001,0.0005,0.9158502062911027,0.002181270007583293,0.9154454035061873,0.0020242056563431685,0.9269559276747996,0.001822790666468868,0.9154454035061873,0.0020242056563431685,True,5,3,73.40691208839417
16,25,16,0.4,40,0.0,0.001,0.9230997202558244,0.0019906671843881374,0.9228915498456732,0.0020927668135145416,0.9338700143006009,0.0015289531597598397,0.9228915498456732,0.0020927668135145416,True,5,3,117.75677061080933
16,25,16,0.4,40,0.0,0.0005,0.9226094668460337,0.0018277326986981452,0.9222912691700825,0.0018297782774101437,0.9337514382772486,0.0016891701856270264,0.9222912691700825,0.0018297782774101437,True,5,3,137.9048204421997
16,25,16,0.4,40,0.0001,0.001,0.9212383869657952,0.0029446059829683186,0.9213997533124761,0.0029875618959130414,0.9329475662112126,0.0030736226595804764,0.9213997533124761,0.0029875618959130414,True,5,3,124.21137022972107
16,25,16,0.4,40,0.0001,0.0005,0.9225116580228083,0.00296391275310509,0.9224103312391755,0.0028925839613769453,0.933019486062379,0.0035911195238932827,0.9224103312391755,0.0028925839613769453,True,5,3,138.8839521408081
16,25,32,0.0,20,0.0,0.001,0.9274100171783045,0.0014915738900327033,0.9275063952081856,0.0013861912601356105,0.9385325072716438,0.0005842111318716527,0.9275063952081856,0.0013861912601356105,True,5,3,69.19814729690552
16,25,32,0.0,20,0.0,0.0005,0.9272143131537348,0.002792530172563333,0.9272736558477437,0.002709017610102076,0.9381387206090612,0.002018826891853362,0.9272736558477437,0.002709017610102076,True,5,3,69.51628565788269
16,25,32,0.0,20,0.0001,0.001,0.9267245204272446,0.002771319511005124,0.9267691532652765,0.0026837632126279314,0.9372350025980456,0.002201767772277046,0.9267691532652765,0.0026837632126279314,True,5,3,69.76226854324341
16,25,32,0.0,20,0.0001,0.0005,0.9277040770875186,0.0023538249510238014,0.9277731496229676,0.0023608809902448897,0.93834707563666,0.001277775984794777,0.9277731496229676,0.0023608809902448897,True,5,3,69.45564818382263
16,25,32,0.0,40,0.0,0.001,0.9253531238272371,0.0033494894045837044,0.9254939948404957,0.0032171156391092954,0.9359954672530839,0.002227358209044348,0.9254939948404957,0.0032171156391092954,True,5,3,110.89293718338013
16,25,32,0.0,40,0.0,0.0005,0.9279000690391511,0.002923121378167007,0.9279761670530187,0.0028920803071623732,0.9389689717944029,0.0019286548565347504,0.9279761670530187,0.0028920803071623732,True,5,3,128.17819905281067
16,25,32,0.0,40,0.0001,0.001,0.9285855369975047,0.001657469417161967,0.9285802195241519,0.0016011770149948193,0.9388408630755519,0.0011309731978880252,0.9285802195241519,0.0016011770149948193,True,5,3,116.4045763015747
16,25,32,0.0,40,0.0001,0.0005,0.9292713792610399,0.0016933622731418498,0.9292701049889821,0.0016787479522076944,0.9397160145189529,0.0012953562082773527,0.9292701049889821,0.0016787479522076944,True,5,3,128.10719633102417
16,25,32,0.4,20,0.0,0.001,0.9230996338777055,0.0019500800170564523,0.9229855000516188,0.001855449375349761,0.9347996726792092,0.0019236337324088906,0.9229855000516188,0.001855449375349761,True,5,3,72.73275971412659
16,25,32,0.4,20,0.0,0.0005,0.9195729016638672,0.0016843661456323604,0.9194930116201633,0.0019038704716784582,0.9315094090786252,0.002680983230569,0.9194930116201633,0.0019038704716784582,True,5,3,72.54659152030945
16,25,32,0.4,20,0.0001,0.001,0.9224141371266458,0.0024947742935935977,0.9224424659610685,0.0025094453633184763,0.9346270862217748,0.0016052882714194482,0.9224424659610685,0.0025094453633184763,True,5,3,72.92306160926819
16,25,32,0.4,20,0.0001,0.0005,0.919474920084404,0.0004799983764590513,0.9194490761859534,0.0006366122392974039,0.9318590328479388,0.0007795692719125806,0.9194490761859534,0.0006366122392974039,True,5,3,72.85459113121033
16,25,32,0.4,40,0.0,0.001,0.9228057179320226,0.0007250416818108364,0.9228410250922395,0.0007727211876680277,0.9342902871858169,0.0005431180651020521,0.9228410250922395,0.0007727211876680277,True,5,3,94.5579023361206
16,25,32,0.4,40,0.0,0.0005,0.9206506702452545,0.00269817710171854,0.9207369555363472,0.0024419554056625903,0.9331395533877852,0.0011431772875573345,0.9207369555363472,0.0024419554056625903,True,5,3,130.22162008285522
16,25,32,0.4,40,0.0001,0.001,0.9214341485757774,0.004081620481714276,0.9215299010451513,0.003993894673816272,0.9331286502323746,0.0034864468830778966,0.9215299010451513,0.003993894673816272,True,5,3,111.7116322517395
16,25,32,0.4,40,0.0001,0.0005,0.923295424280394,0.0018127193193941092,0.9232380399945538,0.001910031355673499,0.9349173604480265,0.0014295482809195549,0.9232380399945538,0.001910031355673499,True,5,3,127.80492162704468
16,40,8,0.0,20,0.0,0.001,0.9271164467450969,0.0034513071423192313,0.927144505159072,0.003388941408689553,0.9377780606618779,0.002386334326668412,0.927144505159072,0.003388941408689553,True,5,3,69.35729479789734
16,40,8,0.0,20,0.0,0.0005,0.9245690696425887,0.0008333184145590134,0.9245717389670288,0.0007803449087270606,0.9361905287467063,0.000886184925627886,0.9245717389670288,0.0007803449087270606,True,5,3,69.36500453948975
16,40,8,0.0,20,0.0001,0.001,0.9271161588180341,0.0015655578937686402,0.9271631004240701,0.0014800016986653433,0.9376095947284578,0.0005101991369236863,0.9271631004240701,0.0014800016986653433,True,5,3,70.1746997833252
16,40,8,0.0,20,0.0001,0.0005,0.9260386781637094,0.0022717536528366303,0.9260939697948479,0.0022555088489878894,0.937054353807978,0.00162767808719193,0.9260939697948479,0.0022555088489878894,True,5,3,70.03195452690125
16,40,8,0.0,40,0.0,0.001,0.9281940137775404,0.0031858249572269625,0.9282794799681903,0.0031336069713748032,0.9380618006376901,0.0030022207561884056,0.9282794799681903,0.0031336069713748032,True,5,3,120.34273314476013
16,40,8,0.0,40,0.0,0.0005,0.9279980506186143,0.0029876491437534317,0.9280781222137845,0.0030059677272074024,0.938810742342751,0.002147942503189306,0.9280781222137845,0.0030059677272074024,True,5,3,131.7435004711151
16,40,8,0.0,40,0.0001,0.001,0.9298594127013495,0.0035283172248046046,0.9299523203180716,0.0034210034299966383,0.9402586129212572,0.002226638779048454,0.9299523203180716,0.0034210034299966383,True,5,3,131.57644057273865
16,40,8,0.0,40,0.0001,0.0005,0.9271160148545027,0.0010976610292356703,0.9271180334672389,0.0011926044208555712,0.9377770962980384,0.0011744446879251979,0.9271180334672389,0.0011926044208555712,True,5,3,131.30198693275452
16,40,8,0.4,20,0.0,0.001,0.922120134802844,0.0017201393791810497,0.9216253489492705,0.001946897687642133,0.9328506597511019,0.0014376371646690768,0.9216253489492705,0.001946897687642133,True,5,3,73.05795645713806
16,40,8,0.4,20,0.0,0.0005,0.9119323251624816,0.005569739769123202,0.9111644349194586,0.0061758740326787655,0.9240239554356577,0.004315246015402945,0.9111644349194586,0.0061758740326787655,True,5,3,72.64454650878906
16,40,8,0.4,20,0.0001,0.001,0.9204545055373844,0.0028935929795574477,0.9200996873004339,0.002980024394884151,0.9302828885672282,0.0038607160376348346,0.9200996873004339,0.002980024394884151,True,5,3,73.83008599281311
16,40,8,0.4,20,0.0001,0.0005,0.9110497135442445,0.003998846336428834,0.9102789648810018,0.004269767078632233,0.9231610903506614,0.005245375018888375,0.9102789648810018,0.004269767078632233,True,5,3,73.54564690589905
16,40,8,0.4,40,0.0,0.001,0.9247648024598645,0.002135689663639769,0.9246895340968315,0.002051177796908767,0.9357764692013061,0.0007553270073219981,0.9246895340968315,0.002051177796908767,True,5,3,133.78830337524414
16,40,8,0.4,40,0.0,0.0005,0.9212383869657952,0.0029446059829683186,0.9210495718938222,0.0032895881537440995,0.9325649576824607,0.0034266902441294532,0.9210495718938222,0.0032895881537440995,True,5,3,137.5416603088379
16,40,8,0.4,40,0.0001,0.001,0.9230996338777055,0.0015185622533532902,0.9230059504236906,0.001326598305985972,0.9341215053352947,0.0008155347631106473,0.9230059504236906,0.001326598305985972,True,5,3,118.94050002098083
16,40,8,0.4,40,0.0001,0.0005,0.9218260461009233,0.001097529234421478,0.921670961296206,0.0015033360377729897,0.9326288160903653,0.0017241690956975955,0.921670961296206,0.0015033360377729897,True,5,3,160.97870326042175
16,40,16,0.0,20,0.0,0.001,0.9270184075802211,0.003362625698028109,0.92710090045541,0.0032601058116366833,0.9382147896653213,0.0022233110855796774,0.92710090045541,0.0032601058116366833,True,5,3,97.95547366142273
16,40,16,0.0,20,0.0,0.0005,0.9268224156285889,0.002353706827178946,0.9268755199617592,0.0022515033773859534,0.9383230400414702,0.001386201822078727,0.9268755199617592,0.0022515033773859534,True,5,3,101.35423803329468
16,40,16,0.0,20,0.0001,0.001,0.9277040482948125,0.0020682827001263734,0.9277538832980067,0.001954277832039368,0.9386580132858975,0.00126713231906652,0.9277538832980067,0.001954277832039368,True,5,3,99.7568621635437
16,40,16,0.0,20,0.0001,0.0005,0.9261366021577601,0.0018231820804852335,0.9262167692141832,0.0017814208175681184,0.937355168659144,0.0011558335502711106,0.9262167692141832,0.0017814208175681184,True,5,3,87.38224053382874
16,40,16,0.0,40,0.0,0.001,0.9284877857596919,0.002534256543121755,0.9284973276918621,0.002472519062632944,0.9392016771432462,0.0015816242624062096,0.9284973276918621,0.002472519062632944,True,5,3,128.9781310558319
16,40,16,0.0,40,0.0,0.0005,0.9281939273994215,0.003422693598332233,0.928241764741283,0.003418956779358733,0.9386957439074178,0.00259352897933472,0.928241764741283,0.003418956779358733,True,5,3,163.9734845161438
16,40,16,0.0,40,0.0001,0.001,0.92613683249941,0.003403404774608918,0.9262671183215888,0.003338981143615438,0.9366845256833919,0.002695137262263046,0.9262671183215888,0.003338981143615438,True,5,3,132.4703164100647
16,40,16,0.0,40,0.0001,0.0005,0.9282917938080594,0.002041274465733852,0.9283163211557048,0.002015864213494578,0.9388113957051768,0.001822063329818918,0.9283163211557048,0.002015864213494578,True,5,3,171.31246852874756
16,40,16,0.4,20,0.0,0.001,0.9249607368260845,0.0022320018725921387,0.9247281166092556,0.0020609640563426894,0.9354597245721291,0.0019374173726359831,0.9247281166092556,0.0020609640563426894,True,5,3,95.07050204277039
16,40,16,0.4,20,0.0,0.0005,0.9213360806181955,0.0029059004004181824,0.920942830991501,0.0030358865414335423,0.9319709899679097,0.0026774693647754464,0.920942830991501,0.0030358865414335423,True,5,3,94.83268022537231
16,40,16,0.4,20,0.0001,0.001,0.9223157812420011,0.0023071866016991377,0.921990381599688,0.002477787262262155,0.9329032768030454,0.002097922585267423,0.921990381599688,0.002477787262262155,True,5,3,96.46141576766968
16,40,16,0.4,20,0.0001,0.0005,0.9180055131122272,0.0010974343438672897,0.9176038803767473,0.001346319596731448,0.9299513394856701,0.0015623886746240238,0.9176038803767473,0.001346319596731448,True,5,3,94.5155827999115
16,40,16,0.4,40,0.0,0.001,0.9243729913128375,0.0011371508945253418,0.9244611930362451,0.0008668190456310111,0.9363997655048539,0.0010744751225451761,0.9244611930362451,0.0008668190456310111,True,5,3,144.99464297294617
16,40,16,0.4,40,0.0,0.0005,0.925744387912845,0.0022336146976378265,0.9256964124339536,0.002365785627943796,0.9366278511089048,0.0021559875954518417,0.9256964124339536,0.002365785627943796,True,5,3,180.95194458961487
16,40,16,0.4,40,0.0001,0.001,0.9236872354274211,0.0009750610832481521,0.9237276651399057,0.0012171974585522814,0.9358327088860899,0.0011525920366590968,0.9237276651399057,0.0012171974585522814,True,5,3,137.59204387664795
16,40,16,0.4,40,0.0001,0.0005,0.9247649752161022,0.001455093302134676,0.9246335911296394,0.0017788415533382747,0.9364813099727027,0.0012645210642875703,0.9246335911296394,0.0017788415533382747,True,5,3,182.90771675109863
16,40,32,0.0,20,0.0,0.001,0.9267247219761886,0.004351790905087108,0.9268502795844155,0.004258379061396279,0.9374429555251685,0.003024827155726967,0.9268502795844155,0.004258379061396279,True,5,3,83.59425520896912
16,40,32,0.0,20,0.0,0.0005,0.928683748918618,0.0032500123357257805,0.9287624172069705,0.003264454711894536,0.9391643478343341,0.0023891610188780804,0.9287624172069705,0.003264454711894536,True,5,3,89.07273125648499
16,40,32,0.0,20,0.0001,0.001,0.9263326516948048,0.0028836956320931945,0.926387008664885,0.002785710234904123,0.9371118179187906,0.0019806225612072543,0.926387008664885,0.002785710234904123,True,5,3,88.52598762512207
16,40,32,0.0,20,0.0001,0.0005,0.9270182060312773,0.0015528127663410104,0.9270508716225286,0.0015525536782807715,0.9379391341106714,0.001318038042399911,0.9270508716225286,0.0015525536782807715,True,5,3,91.61316180229187
16,40,32,0.0,40,0.0,0.001,0.9292713792610399,0.0016933622731418498,0.9292940081785975,0.001626238418819164,0.939319150926946,0.0009347063189896482,0.9292940081785975,0.001626238418819164,True,5,3,140.37962102890015
16,40,32,0.0,40,0.0,0.0005,0.9287815577418433,0.0016765962342150398,0.9287970706292367,0.001609125347288181,0.9393880022661447,0.0014686410529221553,0.9287970706292367,0.001609125347288181,True,5,3,170.33730006217957
16,40,32,0.0,40,0.0001,0.001,0.9282919089788845,0.002997920090388543,0.9282810060044345,0.002863359874781713,0.9388137112403522,0.002363017276414017,0.9282810060044345,0.002863359874781713,True,5,3,149.31747674942017
16,40,32,0.0,40,0.0001,0.0005,0.9278998099047945,0.0009605776832261547,0.9279307678329703,0.0009194298095824059,0.9387711452655775,0.00044774119933121834,0.9279307678329703,0.0009194298095824059,True,5,3,169.2269172668457
16,40,32,0.4,20,0.0,0.001,0.9256466654677383,0.0018694722409472158,0.9254059985647132,0.0019450319024985057,0.9370911064103589,0.0016339994851884932,0.9254059985647132,0.0019450319024985057,True,5,3,93.2306616306305
16,40,32,0.4,20,0.0,0.0005,0.9231975002863435,0.0006026949292360509,0.9230529533075713,0.0004321101631773283,0.9342618601076781,0.0011679924522551757,0.9230529533075713,0.0004321101631773283,True,5,3,92.9824731349945
16,40,32,0.4,20,0.0001,0.001,0.9259403510717711,0.0007288137793377727,0.9258335327688615,0.0007326491544192988,0.9372074519014002,0.0003324217957890747,0.9258335327688615,0.0007326491544192988,True,5,3,92.82181811332703
16,40,32,0.4,20,0.0001,0.0005,0.9202587727201085,0.0020062638265711916,0.9201865083989519,0.001808071004582087,0.9323005223845492,0.000404686515641727,0.9201865083989519,0.001808071004582087,True,5,3,92.95514965057373
16,40,32,0.4,40,0.0,0.001,0.9260388509199471,0.0035037655063682484,0.9260342376133209,0.0035765504528098976,0.937528389069556,0.0027349214051664134,0.9260342376133209,0.0035765504528098976,True,5,3,129.5123326778412
16,40,32,0.4,40,0.0,0.0005,0.9274099883855982,0.000821262231343254,0.9273012700005706,0.0008727556896017525,0.9384298726391967,0.0004124955999230267,0.9273012700005706,0.0008727556896017525,True,5,3,186.95456290245056
16,40,32,0.4,40,0.0001,0.001,0.9252548831134176,0.0016944430508183102,0.9249424926053447,0.0017093689997690683,0.9359489901507917,0.0013411191403986302,0.9249424926053447,0.0017093689997690683,True,5,3,130.71677684783936
16,40,32,0.4,40,0.0001,0.0005,0.9225119171571649,0.0015898344413738247,0.9225003877853762,0.0014860614300604737,0.9347063066059641,0.000477886212210027,0.9225003877853762,0.0014860614300604737,True,5,3,172.48054313659668
16,50,8,0.0,20,0.0,0.001,0.9277042498437563,0.003956059619463502,0.9277554885487865,0.0038959344065444316,0.9380695214810212,0.002978295678751388,0.9277554885487865,0.0038959344065444316,True,5,3,91.2120680809021
16,50,8,0.0,20,0.0,0.0005,0.9247651191796336,0.0017204913044742694,0.9248031576295325,0.0016659499922462467,0.9363177154802873,0.000947550469255858,0.9248031576295325,0.0016659499922462467,True,5,3,85.38275933265686
16,50,8,0.0,20,0.0001,0.001,0.9273124962821419,0.004351869796876518,0.9273051596889742,0.004311071327430214,0.9375746262138805,0.003599658753597565,0.9273051596889742,0.004311071327430214,True,5,3,87.34667801856995
16,50,8,0.0,20,0.0001,0.0005,0.9263324789385673,0.0018250299407881654,0.9263267114931947,0.0018840151253168398,0.9375522159296071,0.0010806763135087869,0.9263267114931947,0.0018840151253168398,True,5,3,86.69893765449524
16,50,8,0.0,40,0.0,0.001,0.9280958594418397,0.0017912303811190087,0.9281486546206984,0.0017749399193313705,0.9385993041626369,0.0015140931066344296,0.9281486546206984,0.0017749399193313705,True,5,3,135.62848234176636
16,50,8,0.0,40,0.0,0.0005,0.9296632192007732,0.0015332308918992736,0.9297479719892072,0.0014987424016450806,0.9405550818175895,0.000794481551607915,0.9297479719892072,0.0014987424016450806,True,5,3,162.44969487190247
16,50,8,0.0,40,0.0001,0.001,0.9293695335967405,0.003471864247982352,0.9293817232694929,0.003490866110355414,0.939793047905115,0.0028550348757777136,0.9293817232694929,0.003490866110355414,True,5,3,173.3421013355255
16,50,8,0.0,40,0.0001,0.0005,0.9286835473696741,0.0023501343662683024,0.9287212663347445,0.0022762029946778533,0.9393026189704773,0.0019142400710180697,0.9287212663347445,0.0022762029946778533,True,5,3,168.4063663482666
16,50,8,0.4,20,0.0,0.001,0.9185931146619427,0.0027295287318237563,0.9181745922585636,0.002941647624202443,0.9302811292370904,0.002921994147973994,0.9181745922585636,0.002941647624202443,True,5,3,91.66883778572083
16,50,8,0.4,20,0.0,0.0005,0.9141844906475244,0.0045679069374138575,0.9133009959804129,0.004634830467576428,0.9257579851365634,0.004747545338833115,0.9133009959804129,0.004634830467576428,True,5,3,93.33254146575928
16,50,8,0.4,20,0.0001,0.001,0.9155562903454197,0.001217210793938582,0.9152053748277371,0.0007004730397069171,0.9283962403630287,0.002138310149374658,0.9152053748277371,0.0007004730397069171,True,5,3,91.31866812705994
16,50,8,0.4,20,0.0001,0.0005,0.9173193829216294,0.002812768190404791,0.9168294741028937,0.002820916518190428,0.9284222821003864,0.002818259112954611,0.9168294741028937,0.002820916518190428,True,5,3,91.41792416572571
16,50,8,0.4,40,0.0,0.001,0.9263321046333856,0.0015699423288465634,0.9261655502308447,0.0014452931745428399,0.936452324171559,0.0012635116054803728,0.9261655502308447,0.0014452931745428399,True,5,3,156.92060375213623
16,50,8,0.4,40,0.0,0.0005,0.9230017386763613,0.004492288585937375,0.9229001042448592,0.004419305021337408,0.9335719009859154,0.004062281087144719,0.9229001042448592,0.004419305021337408,True,5,3,170.91155791282654
16,50,8,0.4,40,0.0001,0.001,0.9230020841888367,0.0044352868862205085,0.9228562741709445,0.004309547349891426,0.9344656762487196,0.004154994966810762,0.9228562741709445,0.004309547349891426,True,5,3,157.0125572681427
16,50,8,0.4,40,0.0001,0.0005,0.9191810617241337,0.00023033964911992695,0.9190288401407227,0.00022951817112797383,0.9303798724361033,0.0009823099127075547,0.9190288401407227,0.00022951817112797383,True,5,3,173.83782982826233
16,50,16,0.0,20,0.0,0.001,0.9264305756888555,0.0025339927422594255,0.9264708879610097,0.002444506797269018,0.937002452911071,0.0010930600590555097,0.9264708879610097,0.002444506797269018,True,5,3,102.27411651611328
16,50,16,0.0,20,0.0,0.0005,0.9283899481437601,0.0032659714813777618,0.9284612438917801,0.0032140363840460874,0.9392619572162246,0.00224960799767902,0.9284612438917801,0.0032140363840460874,True,5,3,104.17086458206177
16,50,16,0.0,20,0.0001,0.001,0.927997820276964,0.0031336943881375206,0.9280587149805418,0.003071581470354113,0.9387198341612009,0.002212229080372257,0.9280587149805418,0.003071581470354113,True,5,3,107.6913332939148
16,50,16,0.0,20,0.0001,0.0005,0.9257448485961454,0.00248779096504991,0.9258371392569833,0.002415522934289196,0.9367949186444761,0.001701947305698532,0.9258371392569833,0.002415522934289196,True,5,3,103.76806640625
16,50,16,0.0,40,0.0,0.001,0.9282917074299406,0.0017232210762485648,0.9283480407259109,0.0016805932359671729,0.9381742103785436,0.0007348193606243021,0.9283480407259109,0.0016805932359671729,True,5,3,158.8441903591156
16,50,16,0.0,40,0.0,0.0005,0.9296632767861858,0.002407772614116702,0.9297441833492974,0.0023512869564060804,0.9402015793235693,0.0016800859401251604,0.9297441833492974,0.0023512869564060804,True,5,3,169.19064331054688
16,50,16,0.0,40,0.0001,0.001,0.9295654967556666,0.0032661333656089876,0.9296132165603876,0.0031373951511207503,0.9396115534774276,0.0024261609094093383,0.9296132165603876,0.0031373951511207503,True,5,3,150.01280999183655
16,50,16,0.0,40,0.0001,0.0005,0.9292714368464524,0.002031359783361343,0.92931567073117,0.002020807111776509,0.9399255222416995,0.0014060883289668692,0.92931567073117,0.002020807111776509,True,5,3,167.31523489952087
16,50,16,0.4,20,0.0,0.001,0.9241770569466174,0.0012731179194648157,0.9240594855124543,0.0013372775827076302,0.9353748771231376,0.0010038637486801932,0.9240594855124543,0.0013372775827076302,True,5,3,95.706711769104
16,50,16,0.4,20,0.0,0.0005,0.9220216349546679,0.002278756173532023,0.9217918759950692,0.002168767763481806,0.9331011163600937,0.001984710774680582,0.9217918759950692,0.002168767763481806,True,5,3,102.7763180732727
16,50,16,0.4,20,0.0001,0.001,0.9259403798644774,0.0015012909300379665,0.925744852851182,0.0015002952021443332,0.936981602475882,0.0009804991606319532,0.925744852851182,0.0015002952021443332,True,5,3,99.45658898353577
16,50,16,0.4,20,0.0001,0.0005,0.9218259885155109,0.0015748274374633425,0.9215256475627681,0.0016422392123509508,0.9329501745995713,0.001500334275983543,0.9215256475627681,0.0016422392123509508,True,5,3,96.21889066696167
16,50,16,0.4,40,0.0,0.001,0.9269201668664017,0.0024001951013619886,0.9268271798344451,0.0026555072006899483,0.937931269656424,0.0020560530523034133,0.9268271798344451,0.0026555072006899483,True,5,3,124.72546887397766
16,50,16,0.4,40,0.0,0.0005,0.924764860045277,0.001337565573309581,0.9246288994200244,0.0013882541055983528,0.9355237589480394,0.00193646264931799,0.9246288994200244,0.0013882541055983528,True,5,3,175.30792498588562
16,50,16,0.4,40,0.0001,0.001,0.9276057787882865,0.00014858376132539334,0.9276113135084644,0.0001331674885785715,0.939112726517827,0.0004062582753427755,0.9276113135084644,0.0001331674885785715,True,5,3,145.44460439682007
16,50,16,0.4,40,0.0001,0.0005,0.9252545951863548,0.001140971001028584,0.9251790030219335,0.001211987098547319,0.9367793852869752,0.001258055543814657,0.9251790030219335,0.001211987098547319,True,5,3,182.54505395889282
16,50,32,0.0,20,0.0,0.001,0.9272143707391475,0.004185670935797012,0.927307275146359,0.004059462168717883,0.937577183133696,0.002854296130309921,0.927307275146359,0.004059462168717883,True,5,3,95.94131302833557
16,50,32,0.0,20,0.0,0.0005,0.9273120355988415,0.001224029958602876,0.927344773785078,0.0011393706410738674,0.9381571488552077,0.000846210003411708,0.927344773785078,0.0011393706410738674,True,5,3,91.30066633224487
16,50,32,0.0,20,0.0001,0.001,0.9287817017053747,0.0032678761472012853,0.9288326849987057,0.0031710005731565294,0.9390411328639549,0.0017285735264541957,0.9288326849987057,0.0031710005731565294,True,5,3,92.86684775352478
16,50,32,0.0,20,0.0001,0.0005,0.9278020010815693,0.002271968612745971,0.9277943081865917,0.0022485119842419617,0.9385569519961053,0.0014669316909846158,0.9277943081865917,0.0022485119842419617,True,5,3,96.49085855484009
16,50,32,0.0,40,0.0,0.001,0.9275085170264804,0.00522805556952297,0.9275907508545957,0.005093985034654226,0.9386156639910673,0.003678226974815331,0.9275907508545957,0.005093985034654226,True,5,3,155.23008036613464
16,50,32,0.0,40,0.0,0.0005,0.9284878721378106,0.00299072190000233,0.9285536266622882,0.002983204724161958,0.9390148433409925,0.0020462667950576197,0.9285536266622882,0.002983204724161958,True,5,3,159.4678020477295
16,50,32,0.0,40,0.0001,0.001,0.9278022314232195,0.00389219675409336,0.9278726311956955,0.0037561870826015717,0.9385841042077271,0.002949052945080908,0.9278726311956955,0.0037561870826015717,True,5,3,114.36917543411255
16,50,32,0.0,40,0.0001,0.0005,0.9294674287980847,0.002530110406715811,0.9294898943372053,0.002489903157650012,0.9396679414983792,0.001987947487570573,0.9294898943372053,0.002489903157650012,True,5,3,131.96271300315857
16,50,32,0.4,20,0.0,0.001,0.9276059515445243,0.0035341049652045345,0.9273934808844347,0.0035388494691875917,0.9374030218301757,0.00369815731034986,0.9273934808844347,0.0035388494691875917,True,5,3,75.4734992980957
16,50,32,0.4,20,0.0,0.0005,0.9235892826406644,0.002201075675506122,0.923321900274286,0.0022760104522437804,0.9348063002956192,0.0020982813658796426,0.923321900274286,0.0022760104522437804,True,5,3,74.2930977344513
16,50,32,0.4,20,0.0001,0.001,0.9272143131537348,0.003554430752612884,0.9271438892569103,0.0034394089185354956,0.9382799056452544,0.0022651056397566707,0.9271438892569103,0.0034394089185354956,True,5,3,75.17823147773743
16,50,32,0.4,20,0.0001,0.0005,0.9232952803168626,0.0022947679221253965,0.9231363132086301,0.0024121906351812117,0.9348175156865258,0.0022360067773180116,0.9231363132086301,0.0024121906351812117,True,5,3,75.76970720291138
16,50,32,0.4,40,0.0,0.001,0.9274102187272484,0.002529830547619002,0.9273976912153484,0.002482827963560385,0.938392545549005,0.0009754417133715586,0.9273976912153484,0.002482827963560385,True,5,3,117.23410367965698
16,50,32,0.4,40,0.0,0.0005,0.9270183499948086,0.002357535544731577,0.9269407385264743,0.0024206189724946627,0.9385267564664375,0.0018269231768219144,0.9269407385264743,0.0024206189724946627,True,5,3,137.83761024475098
16,50,32,0.4,40,0.0001,0.001,0.9268222428723512,0.0010901340425303508,0.9267501023301562,0.0010512219238739122,0.9379961308111815,0.0010043633056029822,0.9267501023301562,0.0010512219238739122,True,5,3,97.57380747795105
16,50,32,0.4,40,0.0001,0.0005,0.9254502704182181,0.003437847319042326,0.9252629095146766,0.003510376041980061,0.9360204110800986,0.0033648908515240897,0.9252629095146766,0.003510376041980061,True,5,3,120.72875308990479
32,25,8,0.0,20,0.0,0.001,0.9261366021577601,0.0017258568755836416,0.9262111770028577,0.001641920853278417,0.937045846135522,0.000899025246870207,0.9262111770028577,0.001641920853278417,True,5,3,46.014440059661865
32,25,8,0.0,20,0.0,0.0005,0.9208463742698241,0.002403997791161438,0.9209730234951296,0.0021672077244374874,0.9330673615219539,0.0015089908662224137,0.9209730234951296,0.0021672077244374874,True,5,3,46.30373549461365
32,25,8,0.0,20,0.0001,0.001,0.9247650040088086,0.0014536444248284186,0.9248346252256797,0.0013786817732632836,0.9364996271340372,0.001187814606179658,0.9248346252256797,0.0013786817732632836,True,5,3,46.94280552864075
32,25,8,0.0,20,0.0001,0.0005,0.9211402038373883,0.003169930214091599,0.9212811589747506,0.0029937090475760236,0.9331140714440839,0.0023404361938274836,0.9212811589747506,0.0029937090475760236,True,5,3,47.032021045684814
32,25,8,0.0,40,0.0,0.001,0.9275082290994178,0.0028530895587739807,0.9274901654324076,0.0028825798794963726,0.9379431082096551,0.001626914612189235,0.9274901654324076,0.0028825798794963726,True,5,3,80.02039694786072
32,25,8,0.0,40,0.0,0.0005,0.9255486263028628,0.0012289791567780006,0.9256105881415375,0.001079883704800663,0.9366583194611389,0.001292724545108033,0.9256105881415375,0.001079883704800663,True,5,3,80.63035845756531
32,25,8,0.0,40,0.0001,0.001,0.9285859400953926,0.0037387513593997172,0.92859506937116,0.003778311582390576,0.9388643502057045,0.002945824072742424,0.92859506937116,0.003778311582390576,True,5,3,80.68459153175354
32,25,8,0.0,40,0.0001,0.0005,0.9250588623690789,0.0010397661350816062,0.9251311292923111,0.0009100794785792772,0.9366675206711822,0.0007752558099459379,0.9251311292923111,0.0009100794785792772,True,5,3,81.2938961982727
32,25,8,0.4,20,0.0,0.001,0.9144792703743955,0.005615618465423598,0.9141594983070135,0.005780886149871665,0.9250844088151194,0.005827629451609052,0.9141594983070135,0.005780886149871665,True,5,3,50.36111044883728
32,25,8,0.4,20,0.0,0.0005,0.8948855458253484,0.0113698312320248,0.8926523834837449,0.011762356486681077,0.8991119643182014,0.01626260216999516,0.8926523834837449,0.011762356486681077,True,5,3,48.57643246650696
32,25,8,0.4,20,0.0001,0.001,0.9065436838044886,0.002915688717294018,0.905977913280016,0.002852785712319814,0.9185444323825734,0.002724951907526298,0.905977913280016,0.002852785712319814,True,5,3,49.19906497001648
32,25,8,0.4,20,0.0001,0.0005,0.9019397012779757,0.006606581918521115,0.9000789238700317,0.00780820312537218,0.9141750860425931,0.0063561356454492025,0.9000789238700317,0.00780820312537218,True,5,3,50.809609174728394
32,25,8,0.4,40,0.0,0.001,0.9190827058394891,0.0026869222443715065,0.9189640799150038,0.0029448312093655104,0.9307259338124486,0.00398044325577826,0.9189640799150038,0.0029448312093655104,True,5,3,83.61222052574158
32,25,8,0.4,40,0.0,0.0005,0.9121275109183381,0.0019303108527616627,0.9113280034157892,0.0021529000412481634,0.9248519377722096,0.0027411400582732473,0.9113280034157892,0.0021529000412481634,True,5,3,83.78681206703186
32,25,8,0.4,40,0.0001,0.001,0.9166344908174014,0.005162924039356653,0.9158619785913856,0.005697454284147352,0.9283108523444614,0.003037152506708158,0.9158619785913856,0.005697454284147352,True,5,3,84.45973038673401
32,25,8,0.4,40,0.0001,0.0005,0.9172220059889981,0.002060057012243674,0.9170605602443972,0.001706406500781247,0.9295912925100499,0.0001805118691879444,0.9170605602443972,0.001706406500781247,True,5,3,84.35676574707031
32,25,16,0.0,20,0.0,0.001,0.9271165043305095,0.0038523070856981358,0.9271540157546272,0.003816419496921772,0.9378938837603575,0.0025819938646004,0.9271540157546272,0.003816419496921772,True,5,3,47.71037316322327
32,25,16,0.0,20,0.0,0.0005,0.9232953954876878,0.0004891723578085619,0.9234833244155265,0.00047910168175244406,0.9353564480583291,0.0010031087099761145,0.9234833244155265,0.00047910168175244406,True,5,3,47.0392963886261
32,25,16,0.0,20,0.0001,0.001,0.9262346413226356,0.0023041899157805776,0.9262838696077517,0.0022535287405562325,0.9365012602466591,0.0015166663865323914,0.9262838696077517,0.0022535287405562325,True,5,3,47.71925735473633
32,25,16,0.0,20,0.0001,0.0005,0.9234916177809703,0.001725491290893324,0.9235236417299388,0.001739338930372937,0.9350234863186103,0.001254282094244693,0.9235236417299388,0.001739338930372937,True,5,3,48.31710433959961
32,25,16,0.0,40,0.0,0.001,0.9292714656391586,0.0027734346488788877,0.9293406666554587,0.0027123980608804153,0.939971580574347,0.0020202721267087026,0.9293406666554587,0.0027123980608804153,True,5,3,81.21176743507385
32,25,16,0.0,40,0.0,0.0005,0.9261367173285852,0.0027719274275874515,0.9262059972113598,0.0026921824026511967,0.9372902793983148,0.002076163295988719,0.9262059972113598,0.0026921824026511967,True,5,3,82.07769131660461
32,25,16,0.0,40,0.0001,0.001,0.9281935243015336,0.0003759851293885919,0.9282003314400286,0.0004257035688286197,0.9387712029359291,0.0007852478117066546,0.9282003314400286,0.0004257035688286197,True,5,3,82.24156045913696
32,25,16,0.0,40,0.0001,0.0005,0.9267244340491257,0.002296474200385518,0.9267613869016694,0.002259671174774081,0.9378863388403524,0.001665610087541459,0.9267613869016694,0.002259671174774081,True,5,3,81.81199336051941
32,25,16,0.4,20,0.0,0.001,0.9186910386559933,0.0013754431179395306,0.9185040460477131,0.0013932125733571352,0.9304023136644415,0.0024892895083763796,0.9185040460477131,0.0013932125733571352,True,5,3,49.11875009536743
32,25,16,0.4,20,0.0,0.0005,0.9138908050434917,0.003540975508757958,0.9128495764742736,0.0037069025876919036,0.9230192805932429,0.004376500325469621,0.9128495764742736,0.0037069025876919036,True,5,3,49.132346391677856
32,25,16,0.4,20,0.0001,0.001,0.9179074739473516,0.0023072812286650023,0.9175767728524634,0.0025790348322918865,0.9305781001211105,0.0020028628769364443,0.9175767728524634,0.0025790348322918865,True,5,3,49.83916902542114
32,25,16,0.4,20,0.0001,0.0005,0.9134995121651776,0.005583169783931496,0.9123158435322317,0.0060322734386987435,0.924580397697842,0.004937351308339353,0.9123158435322317,0.0060322734386987435,True,5,3,50.03607654571533
32,25,16,0.4,40,0.0,0.001,0.9242750097333744,0.0018664610905056156,0.9241701258092102,0.0018948262503885223,0.9356077944496581,0.0015638270792025719,0.9241701258092102,0.0018948262503885223,True,5,3,80.26314210891724
32,25,16,0.4,40,0.0,0.0005,0.9215322165333593,0.0010394780862859425,0.9213026953338331,0.0009545373580593109,0.9322033121994039,0.00044684137382469625,0.9213026953338331,0.0009545373580593109,True,5,3,84.1843192577362
32,25,16,0.4,40,0.0001,0.001,0.9221202787663754,0.002757041569826415,0.9219274483433998,0.002991724335611096,0.9335021329188257,0.0012993663365836391,0.9219274483433998,0.002991724335611096,True,5,3,85.26824378967285
32,25,16,0.4,40,0.0001,0.0005,0.9166335694508004,0.0046381459391968876,0.9163284207990787,0.0045693491158967795,0.9277087073580615,0.004912634259850014,0.9163284207990787,0.0045693491158967795,True,5,3,85.29505395889282
32,25,32,0.0,20,0.0,0.001,0.9266265388477816,0.0027193415023012736,0.9266825978331458,0.0026531460431943434,0.937893747564639,0.0018733330235519929,0.9266825978331458,0.0026531460431943434,True,5,3,48.1653733253479
32,25,32,0.0,20,0.0,0.0005,0.925254623979061,0.0009147978229716896,0.9253218364327785,0.0007774212144284375,0.9367818413408502,0.001093658968703116,0.9253218364327785,0.0007774212144284375,True,5,3,48.07473039627075
32,25,32,0.0,20,0.0001,0.001,0.9267246068053635,0.003403485756069227,0.9267062967355258,0.0033388988859415106,0.9369454682446037,0.0026392369107301997,0.9267062967355258,0.0033388988859415106,True,5,3,48.61057448387146
32,25,32,0.0,20,0.0001,0.0005,0.9237852170068841,0.0023071550944472902,0.9237790180357691,0.002220636741257751,0.934962611571306,0.0025024167166715137,0.9237790180357691,0.002220636741257751,True,5,3,48.629329204559326
32,25,32,0.0,40,0.0,0.001,0.9278998386975009,0.0013132705797722333,0.9279293531932673,0.0012487039039597461,0.9383866032351591,0.000981689571458644,0.9279293531932673,0.0012487039039597461,True,5,3,82.17981767654419
32,25,32,0.0,40,0.0,0.0005,0.928389516253166,0.0014453413809154302,0.9284009846022281,0.0012565269277943656,0.9396105411576313,0.001018806755568986,0.9284009846022281,0.0012565269277943656,True,5,3,82.34624028205872
32,25,32,0.0,40,0.0001,0.001,0.9285857961318612,0.0027579159368987622,0.928581100627313,0.0027244536937559415,0.9390345948398225,0.0026177353702188915,0.928581100627313,0.0027244536937559415,True,5,3,81.47200059890747
32,25,32,0.0,40,0.0001,0.0005,0.9271160724399152,0.000711180920996696,0.9271844959921521,0.0006639762692855571,0.9380722270398286,7.194214731888486e-05,0.9271844959921521,0.0006639762692855571,True,5,3,82.89912962913513
32,25,32,0.4,20,0.0,0.001,0.9195730456273985,0.0015895355804417255,0.919632820084205,0.001662933872998498,0.9308693127114757,0.0015793895424632426,0.919632820084205,0.001662933872998498,True,5,3,50.23298263549805
32,25,32,0.4,20,0.0,0.0005,0.9172217180619353,0.002098985976328367,0.9168643631196319,0.002430346443567545,0.927593298874929,0.002029953762371576,0.9168643631196319,0.002430346443567545,True,5,3,50.70684766769409
32,25,32,0.4,20,0.0001,0.001,0.9196709984141552,0.001312317106389101,0.9195209930922684,0.0014466809374201965,0.9305442153717127,0.0017144832462198175,0.9195209930922684,0.0014466809374201965,True,5,3,51.21455001831055
32,25,32,0.4,20,0.0001,0.0005,0.9152626911195059,0.0022106793340637876,0.9149094472477096,0.0019546992408217014,0.9275575300931712,0.00045149475924725847,0.9149094472477096,0.0019546992408217014,True,5,3,51.03783869743347
32,25,32,0.4,40,0.0,0.001,0.9223156948638822,0.0015494709687417802,0.9221637540762044,0.0015255572393339232,0.93393157501561,0.001314619869735313,0.9221637540762044,0.0015255572393339232,True,5,3,73.08403277397156
32,25,32,0.4,40,0.0,0.0005,0.922903325206304,0.0024126033004719144,0.9227215876244971,0.002472064793470182,0.9337392693953405,0.0025453376299425733,0.9227215876244971,0.002472064793470182,True,5,3,85.83720445632935
32,25,32,0.4,40,0.0001,0.001,0.9216303132836474,0.0016923722663963728,0.9216412799649779,0.001864382426856672,0.9333121472698459,0.0022575896413355337,0.9216412799649779,0.001864382426856672,True,5,3,77.77889561653137
32,25,32,0.4,40,0.0001,0.0005,0.9177116547519568,0.0021969234723739147,0.9176736816884129,0.0017967740436968312,0.9311742677771448,0.0018472477436140028,0.9176736816884129,0.0017967740436968312,True,5,3,85.75312280654907
32,40,8,0.0,20,0.0,0.001,0.925646838223976,0.002189687367093961,0.925673084326235,0.00220538539468156,0.9368416486369116,0.001644160313423052,0.925673084326235,0.00220538539468156,True,5,3,49.11379027366638
32,40,8,0.0,20,0.0,0.0005,0.9244712896120695,0.0023906386148434947,0.9245997836618759,0.002284404326843993,0.9360876723460954,0.0016783009916236716,0.9245997836618759,0.002284404326843993,True,5,3,48.80309462547302
32,40,8,0.0,20,0.0001,0.001,0.9253530950345308,0.003127881294620239,0.9253844054621609,0.0030135105762742055,0.9364782600091842,0.0020641371697403426,0.9253844054621609,0.0030135105762742055,True,5,3,49.28097176551819
32,40,8,0.0,20,0.0001,0.0005,0.9243729913128375,0.00037648684559948457,0.9244848511533726,0.0004534044044448855,0.9362747142958368,0.0010457088559581494,0.9244848511533726,0.0004534044044448855,True,5,3,49.325716495513916
32,40,8,0.0,40,0.0,0.001,0.9270182060312773,0.001437294870132282,0.927065304772917,0.0015462423285881074,0.9378461012002378,0.0010490622147426203,0.927065304772917,0.0015462423285881074,True,5,3,79.46453785896301
32,40,8,0.0,40,0.0,0.0005,0.9259406389988337,0.001564136652277087,0.9260166875257472,0.0015555005324565416,0.9371026043689928,0.0005208092352425884,0.9260166875257472,0.0015555005324565416,True,5,3,82.42337226867676
32,40,8,0.0,40,0.0001,0.001,0.9285857097537423,0.0022802180823412025,0.9286726278306657,0.002267413073710503,0.9393452665982487,0.0013983045814964388,0.9286726278306657,0.002267413073710503,True,5,3,83.15070128440857
32,40,8,0.0,40,0.0001,0.0005,0.9280958882345459,0.002087114109687422,0.9281368536709184,0.0020274108469593975,0.9394704104175832,0.0015673305733610989,0.9281368536709184,0.0020274108469593975,True,5,3,83.28379082679749
32,40,8,0.4,20,0.0,0.001,0.9133036641770765,0.005396787998590395,0.9129717824559648,0.0054435595183171745,0.9260322715730608,0.0033099261356282538,0.9129717824559648,0.0054435595183171745,True,5,3,50.84124994277954
32,40,8,0.4,20,0.0,0.0005,0.9082094282407732,0.005787176473028673,0.9066652127989827,0.006065110358332028,0.9199347915055288,0.004822985580041045,0.9066652127989827,0.006065110358332028,True,5,3,51.05975317955017
32,40,8,0.4,20,0.0001,0.001,0.919474804913579,0.0046359456799887205,0.9191935511669729,0.0047676015227674,0.9289549196558976,0.0056662322035815026,0.9191935511669729,0.0047676015227674,True,5,3,51.71924424171448
32,40,8,0.4,20,0.0001,0.0005,0.9102667246897284,0.008382345260734586,0.9092351948660466,0.008739135033715843,0.92138979162483,0.008097737203318849,0.9092351948660466,0.008739135033715843,True,5,3,51.516390323638916
32,40,8,0.4,40,0.0,0.001,0.9200627519757698,0.003860210108399587,0.9197053627086578,0.0041508969072445315,0.9306680676429545,0.0037586626264663947,0.9197053627086578,0.0041508969072445315,True,5,3,85.80559396743774
32,40,8,0.4,40,0.0,0.0005,0.9155563767235385,0.0005076934922089815,0.9152166719057179,0.0009216206024806621,0.9267908692060057,0.002335778789193763,0.9152166719057179,0.0009216206024806621,True,5,3,86.08422446250916
32,40,8,0.4,40,0.0001,0.001,0.9169282052141402,0.0027720738940214787,0.9169091736115673,0.0025535949432015682,0.9298458929237471,0.0012850074804236036,0.9169091736115673,0.0025535949432015682,True,5,3,85.86926770210266
32,40,8,0.4,40,0.0001,0.0005,0.9151642200640361,0.002643932398204093,0.9148217399647098,0.0030410042419956452,0.9268962594927417,0.002987768548032447,0.9148217399647098,0.0030410042419956452,True,5,3,86.59616422653198
32,40,16,0.0,20,0.0,0.001,0.9270182636166898,0.0018232974373303228,0.9270578483064121,0.0017350760069050075,0.9373619242346556,0.0007645463152951112,0.9270578483064121,0.0017350760069050075,True,5,3,49.57668495178223
32,40,16,0.0,20,0.0,0.0005,0.9249609959604409,0.0016944116690258894,0.9250135852837092,0.0017678356305547674,0.9366338758913105,0.0014064366545672885,0.9250135852837092,0.0017678356305547674,True,5,3,49.64302372932434
32,40,16,0.0,20,0.0001,0.001,0.9293693608405028,0.00172630370182683,0.9293852095720482,0.0017408988337094683,0.9398899656881867,0.0011378852437627437,0.9293852095720482,0.0017408988337094683,True,5,3,50.10716152191162
32,40,16,0.0,20,0.0001,0.0005,0.9255486263028628,0.0005490459590816436,0.9256636876571176,0.0007186463129978811,0.9369207458151948,0.0008871029659847222,0.9256636876571176,0.0007186463129978811,True,5,3,50.28350639343262
32,40,16,0.0,40,0.0,0.001,0.9287814713637245,0.0013996999389626111,0.9288126302490025,0.0014954024183647956,0.9391314115842242,0.0012408479030352883,0.9288126302490025,0.0014954024183647956,True,5,3,77.55376029014587
32,40,16,0.0,40,0.0,0.0005,0.9282914770882904,0.0008362103963490493,0.9282802655982633,0.0009278184137780739,0.9390946028401368,0.0012482155364424241,0.9282802655982633,0.0009278184137780739,True,5,3,86.67939734458923
32,40,16,0.0,40,0.0001,0.001,0.9288796256994253,0.0024262407792911018,0.9288917845113517,0.0024079518244232026,0.9392000804469475,0.002112444531164079,0.9288917845113517,0.0024079518244232026,True,5,3,86.17532896995544
32,40,16,0.0,40,0.0001,0.0005,0.9285855945829171,0.0013268961222254252,0.9286398596345778,0.0013024599916531003,0.9396302075534596,0.0007073557828199686,0.9286398596345778,0.0013024599916531003,True,5,3,84.68902134895325
32,40,16,0.4,20,0.0,0.001,0.9223155509003508,0.0020233459753109164,0.9219071029330044,0.0019776171848133062,0.9337692301940831,0.0029385787267167526,0.9219071029330044,0.0019776171848133062,True,5,3,52.05188322067261
32,40,16,0.4,20,0.0,0.0005,0.9182985364840155,0.00604910464310907,0.9178588419111513,0.006031633540832627,0.9293294538424864,0.006387295159044545,0.9178588419111513,0.006031633540832627,True,5,3,52.27430462837219
32,40,16,0.4,20,0.0001,0.001,0.9210420495016876,0.0020088430303518453,0.9208356784475056,0.0019286599291776692,0.932829657115739,0.0013695099221398192,0.9208356784475056,0.0019286599291776692,True,5,3,52.774800539016724
32,40,16,0.4,20,0.0001,0.0005,0.9160461406573225,0.003903038685406642,0.9155710719084301,0.004047649520678585,0.9268717627197957,0.0042361021627187355,0.9155710719084301,0.004047649520678585,True,5,3,52.955963373184204
32,40,16,0.4,40,0.0,0.001,0.9236874081836589,0.0011269076609781224,0.9235582354407891,0.0011759073929339748,0.9349496287344102,0.0013363225621580359,0.9235582354407891,0.0011759073929339748,True,5,3,77.62432146072388
32,40,16,0.4,40,0.0,0.0005,0.9234910419268448,0.0036802225434595976,0.9232392149854456,0.0037774422872073527,0.9344837320401277,0.003060985871279616,0.9232392149854456,0.0037774422872073527,True,5,3,87.91136193275452
32,40,16,0.4,40,0.0001,0.001,0.9240792769160985,0.0024469969468141834,0.923944347061945,0.0025578535854184,0.935388263293745,0.0034530449484360868,0.923944347061945,0.0025578535854184,True,5,3,81.15295577049255
32,40,16,0.4,40,0.0001,0.0005,0.9220219804671433,0.001937859751509212,0.9217900223484851,0.002063306682438955,0.9330856175882197,0.0015943484613090944,0.9217900223484851,0.002063306682438955,True,5,3,88.88223385810852
32,40,32,0.0,20,0.0,0.001,0.9283897178021099,0.0016238272548510604,0.9284157742748637,0.0016280280189326052,0.9389184012953663,0.0007884770680201821,0.9284157742748637,0.0016280280189326052,True,5,3,50.80277156829834
32,40,32,0.0,20,0.0,0.0005,0.9264305756888555,0.0033551262909564273,0.9264757069451993,0.0031965393581146768,0.9376238476691549,0.0026601672823794815,0.9264757069451993,0.0031965393581146768,True,5,3,48.238932847976685
32,40,32,0.0,20,0.0001,0.001,0.9273121795623727,0.0019884466208094265,0.9272913249559757,0.002016875119566984,0.9375168375070301,0.0012982853182152538,0.9272913249559757,0.002016875119566984,True,5,3,51.11617970466614
32,40,32,0.0,20,0.0001,0.0005,0.9267241749147693,0.00035893304073147746,0.9267773611573508,0.00024332880513366434,0.938088501522162,0.000166461988970317,0.9267773611573508,0.00024332880513366434,True,5,3,51.563088178634644
32,40,32,0.0,40,0.0,0.001,0.9291736568159332,0.003392702685367549,0.9291431651333665,0.0034486643177603447,0.939638335664991,0.002766038962152038,0.9291431651333665,0.0034486643177603447,True,5,3,75.1360297203064
32,40,32,0.0,40,0.0,0.0005,0.9303489750861895,0.001652989254865357,0.9304082579024349,0.0016479228294053107,0.9410338278206951,0.001196988338415521,0.9304082579024349,0.0016479228294053107,True,5,3,87.72008681297302
32,40,32,0.0,40,0.0001,0.001,0.9279978202769641,0.0012600580789671233,0.9279846026258234,0.001242380424101684,0.9387875251887502,0.0011608385120303682,0.9279846026258234,0.001242380424101684,True,5,3,87.15653157234192
32,40,32,0.0,40,0.0001,0.0005,0.9269203396226393,0.002002494242515326,0.9270076219720451,0.0020251145994284706,0.9378028117668379,0.0011463311574909122,0.9270076219720451,0.0020251145994284706,True,5,3,85.86919045448303
32,40,32,0.4,20,0.0,0.001,0.9235894553969021,0.0016571264672012793,0.9235851196489575,0.0014428339337787996,0.935446352933539,0.0010002736058365223,0.9235851196489575,0.0014428339337787996,True,5,3,52.394131660461426
32,40,32,0.4,20,0.0,0.0005,0.9199647991890131,0.0025634854134244417,0.9196304483153982,0.0028396359219760984,0.9315837953199374,0.002515448492883813,0.9196304483153982,0.0028396359219760984,True,5,3,53.06986474990845
32,40,32,0.4,20,0.0001,0.001,0.92398094982416,0.0021857665190468754,0.9238968845712813,0.0022938818149398064,0.9358198383176873,0.002529572426334292,0.9238968845712813,0.0022938818149398064,True,5,3,53.84542942047119
32,40,32,0.4,20,0.0001,0.0005,0.9202585135857521,0.001141439727074257,0.9199863827258025,0.001054112289720711,0.9316666915769124,0.0014538881966295579,0.9199863827258025,0.001054112289720711,True,5,3,53.37387156486511
32,40,32,0.4,40,0.0,0.001,0.9280955715147767,0.0014679490414305808,0.9280027680384787,0.0015512378807007044,0.9394225331705613,0.001365007864116503,0.9280027680384787,0.0015512378807007044,True,5,3,79.33422708511353
32,40,32,0.4,40,0.0,0.0005,0.9256466942604447,0.0013280594717906807,0.9255873374148093,0.0012494855377476407,0.9370628202063295,0.0005787678886676119,0.9255873374148093,0.0012494855377476407,True,5,3,87.99718737602234
32,40,32,0.4,40,0.0001,0.001,0.9263326229020986,0.0025563466281557693,0.9262679313417793,0.0025157820438504916,0.9369950089404459,0.0010271779852253223,0.9262679313417793,0.0025157820438504916,True,5,3,77.52168369293213
32,40,32,0.4,40,0.0001,0.0005,0.9236872354274211,0.0006124207785990354,0.9234973922419117,0.0004041069323760738,0.9353179839359491,0.0005304106128785047,0.9234973922419117,0.0004041069323760738,True,5,3,86.9934606552124
32,50,8,0.0,20,0.0,0.001,0.9272142267756159,0.0021681715491458945,0.9272230871554338,0.002128200040836214,0.937541618476037,0.000751471271974185,0.9272230871554338,0.002128200040836214,True,5,3,50.99572277069092
32,50,8,0.0,20,0.0,0.0005,0.9227077363525596,0.0021970509546469833,0.9227949111218452,0.0020097140434853565,0.93418577892754,0.0019525434091663295,0.9227949111218452,0.0020097140434853565,True,5,3,51.05800223350525
32,50,8,0.0,20,0.0001,0.001,0.927116360366978,0.00290016604891527,0.927167620029229,0.002767910608135155,0.9381410494596539,0.001917713510561866,0.927167620029229,0.002767910608135155,True,5,3,51.40699529647827
32,50,8,0.0,20,0.0001,0.0005,0.9265284420974934,0.0027191306486099467,0.9266059040052319,0.0025425295786146293,0.9377061497052912,0.001670009372942101,0.9266059040052319,0.0025425295786146293,True,5,3,51.522056102752686
32,50,8,0.0,40,0.0,0.001,0.9297612295729425,0.0018646010807352577,0.9298298478889596,0.0018587510888069259,0.9402788859255099,0.001431087140287313,0.9298298478889596,0.0018587510888069259,True,5,3,84.44826364517212
32,50,8,0.0,40,0.0,0.0005,0.9279000402464449,0.003123666892375791,0.927932179401128,0.003062084685018766,0.9389488537948744,0.002011899775880428,0.927932179401128,0.003062084685018766,True,5,3,84.81043791770935
32,50,8,0.0,40,0.0001,0.001,0.9285856233756234,0.0016712250943856314,0.9285971564456288,0.0016710852932713145,0.9394449679927813,0.0011004560242111466,0.9285971564456288,0.0016710852932713145,True,5,3,85.08778738975525
32,50,8,0.0,40,0.0001,0.0005,0.9278997235266758,0.00026711687429283965,0.927895689432027,0.00034359945553678016,0.9385303045167278,0.00019655244194313677,0.927895689432027,0.00034359945553678016,True,5,3,85.59647345542908
32,50,8,0.4,20,0.0,0.001,0.9177109349342999,0.004792991977371698,0.9172253726530935,0.004646997827031527,0.9280393029920467,0.005855431717284001,0.9172253726530935,0.004646997827031527,True,5,3,52.97209596633911
32,50,8,0.4,20,0.0,0.0005,0.9114423020943411,0.006254200124019284,0.9105990766960378,0.006897641515508347,0.9218545317734553,0.004950425776068116,0.9105990766960378,0.006897641515508347,True,5,3,53.32593870162964
32,50,8,0.4,20,0.0001,0.001,0.9182012747222094,0.0013725386146195653,0.9178090099563067,0.0013533831404445916,0.9284725505715153,0.002611092754302632,0.9178090099563067,0.0013533831404445916,True,5,3,53.86260962486267
32,50,8,0.4,20,0.0001,0.0005,0.9127151700534664,0.003016812547108128,0.9118038756034222,0.0032118007551942785,0.9231869213262013,0.0038695723896104103,0.9118038756034222,0.0032118007551942785,True,5,3,53.692517042160034
32,50,8,0.4,40,0.0,0.001,0.9248626976612089,0.003540511300045073,0.9247654322613458,0.0034976179016398094,0.9358729786415907,0.0030811337887453067,0.9247654322613458,0.0034976179016398094,True,5,3,86.88834404945374
32,50,8,0.4,40,0.0,0.0005,0.9192785826202963,0.0031790472976019127,0.919145035904667,0.0032046818532110973,0.930737343098754,0.003914609699069277,0.919145035904667,0.0032046818532110973,True,5,3,87.71065735816956
32,50,8,0.4,40,0.0001,0.001,0.9205523431533161,0.0030044078070180008,0.9206367667489204,0.0028737648906117367,0.932361986895697,0.0015486206595910527,0.9206367667489204,0.0028737648906117367,True,5,3,79.18012833595276
32,50,8,0.4,40,0.0001,0.0005,0.916634260475751,0.0020307426105170188,0.9164310941009757,0.0019960224942596996,0.9294368860614451,0.0005931867373447041,0.9164310941009757,0.0019960224942596996,True,5,3,89.21044826507568
32,50,16,0.0,20,0.0,0.001,0.9272140828120845,0.0009893241358650208,0.9272725724885588,0.0009586897212889101,0.9380370441401219,0.000471679539102294,0.9272725724885588,0.0009586897212889101,True,5,3,51.6357798576355
32,50,16,0.0,20,0.0,0.0005,0.9271164467450969,0.003323852227704442,0.9271867387750091,0.003293322544659728,0.9382786213375343,0.0021511077765837576,0.9271867387750091,0.003293322544659728,True,5,3,51.96359324455261
32,50,16,0.0,20,0.0001,0.001,0.9285856521683297,0.0018026875087636123,0.928600693732398,0.0017279680969787556,0.9392503491336713,0.0015522225226878245,0.928600693732398,0.0017279680969787556,True,5,3,52.31376004219055
32,50,16,0.0,20,0.0001,0.0005,0.9263323637677422,0.0009022523419264139,0.926374253078793,0.0007871817502645952,0.9371308843776331,0.0007305126313524854,0.926374253078793,0.0007871817502645952,True,5,3,52.51016449928284
32,50,16,0.0,40,0.0,0.001,0.9294674863834973,0.002909756042968039,0.929442295800227,0.002942148492582632,0.9398667611583144,0.0020409242450625657,0.929442295800227,0.002942148492582632,True,5,3,74.69724631309509
32,50,16,0.0,40,0.0,0.0005,0.9284877569669856,0.002167753056200512,0.9285033995397924,0.0021895066807263324,0.9394964171706502,0.0015152347133895433,0.9285033995397924,0.0021895066807263324,True,5,3,85.85471487045288
32,50,16,0.0,40,0.0001,0.001,0.9299567896339808,0.0013271611548659875,0.9299582221961801,0.0012671653991863968,0.9400648160680604,0.001699346713785906,0.9299582221961801,0.0012671653991863968,True,5,3,86.9340136051178
32,50,16,0.0,40,0.0001,0.0005,0.9286833746134363,0.0008434927195992829,0.9287404234073126,0.0009299492791510773,0.9399156223540451,0.0011239359000872029,0.9287404234073126,0.0009299492791510773,True,5,3,87.07942748069763
32,50,16,0.4,20,0.0,0.001,0.9216301981128224,0.001126717608744122,0.9213158947366087,0.0013000083669838546,0.9337778192992436,0.0008274961925379453,0.9213158947366087,0.0013000083669838546,True,5,3,54.47775983810425
32,50,16,0.4,20,0.0,0.0005,0.918985357699564,0.0019292750405905039,0.9185169139959547,0.00212383073220112,0.930185229828071,0.0009520197247438477,0.9185169139959547,0.00212383073220112,True,5,3,54.56573128700256
32,50,16,0.4,20,0.0001,0.001,0.9216301405274098,0.001130636485573497,0.9213980446159463,0.0015511499291523676,0.933459477189726,0.0018772228025220356,0.9213980446159463,0.0015511499291523676,True,5,3,55.322022438049316
32,50,16,0.4,20,0.0001,0.0005,0.9188872321565696,0.001900810195368207,0.9182117888233585,0.0020166081215297147,0.9293097317768764,0.002008151703664984,0.9182117888233585,0.0020166081215297147,True,5,3,55.42643737792969
32,50,16,0.4,40,0.0,0.001,0.9237850730433528,0.002005378002092616,0.9236585986905581,0.0018903559027322625,0.9348768343162123,0.0017417898711401968,0.9236585986905581,0.0018903559027322625,True,5,3,75.57707214355469
32,50,16,0.4,40,0.0,0.0005,0.9230994899141741,0.0014680845682613888,0.9227340578055555,0.0014900551965308418,0.9335978009498027,0.0015274574276497555,0.9227340578055555,0.0014900551965308418,True,5,3,90.61606216430664
32,50,16,0.4,40,0.0001,0.001,0.9237851882141778,0.0011135817975327748,0.9238191113186116,0.0012982155896392566,0.9356929884906114,0.0014663681285861571,0.9238191113186116,0.0012982155896392566,True,5,3,86.080983877182
32,50,16,0.4,40,0.0001,0.0005,0.9207484214830673,0.0006051812022182215,0.9205173165017948,0.0006718221376444828,0.9323125240748116,0.00037772751632526267,0.9205173165017948,0.0006718221376444828,True,5,3,90.98224186897278
32,50,32,0.0,20,0.0,0.001,0.9294673712126721,0.0029902929200497004,0.9295275095917099,0.002890651238202263,0.9398191344606573,0.0023065486327341557,0.9295275095917099,0.002890651238202263,True,5,3,53.0137197971344
32,50,32,0.0,20,0.0,0.0005,0.9254508174796373,0.0013959779774607155,0.9254870777831998,0.0013548352291128615,0.9370670321607969,0.0006341037302794506,0.9254870777831998,0.0013548352291128615,True,5,3,53.277737855911255
32,50,32,0.0,20,0.0001,0.001,0.9275081427212989,0.0022198139186747675,0.9275479939369117,0.002180936267457929,0.9380081027860738,0.0015519157259258187,0.9275479939369117,0.002180936267457929,True,5,3,53.65261125564575
32,50,32,0.0,20,0.0001,0.0005,0.9267243764637133,0.0018232589849502072,0.926803982915457,0.0017556654813784315,0.9377334494442787,0.0008434442866704928,0.926803982915457,0.0017556654813784315,True,5,3,53.2877197265625
32,50,32,0.0,40,0.0,0.001,0.9288794241504812,0.0009513569606332205,0.9288978847670893,0.0008949784714243647,0.9392736225147859,0.0007316639551831582,0.9288978847670893,0.0008949784714243647,True,5,3,86.41453862190247
32,50,32,0.0,40,0.0,0.0005,0.9292713504683335,0.0015526617919114029,0.9293401885246206,0.0016286548057870029,0.9397670973455106,0.0010353258564906574,0.9293401885246206,0.0016286548057870029,True,5,3,86.85159182548523
32,50,32,0.0,40,0.0001,0.001,0.9303490326716021,0.0020825171992404526,0.930311430862897,0.002121677047111158,0.9407277436177356,0.0013445530965341724,0.930311430862897,0.002121677047111158,True,5,3,87.7947428226471
32,50,32,0.0,40,0.0001,0.0005,0.9291735128524019,0.0023045921092977725,0.9292026747497206,0.0023065947704659293,0.9397016585047164,0.0019086761889136868,0.9292026747497206,0.0023065947704659293,True,5,3,87.44254493713379
32,50,32,0.4,20,0.0,0.001,0.9249609959604409,0.0016944116690258894,0.9248471658056595,0.0016340943613218858,0.935903844881585,0.0007664955225488143,0.9248471658056595,0.0016340943613218858,True,5,3,55.76648664474487
32,50,32,0.4,20,0.0,0.0005,0.9226093516752085,0.003735302021095345,0.922242226195274,0.0039173105433800105,0.9336413537983878,0.0032416799234727084,0.922242226195274,0.0039173105433800105,True,5,3,55.56433367729187
32,50,32,0.4,20,0.0001,0.001,0.9240791905379796,0.0002665875268285156,0.9241601761527037,0.0002908568626035124,0.9359759435444576,0.0005062902220070755,0.9241601761527037,0.0002908568626035124,True,5,3,56.01123046875
32,50,32,0.4,20,0.0001,0.0005,0.9225115140592769,0.0026825662025158343,0.9221654833725976,0.0027880102297431677,0.9334251861095199,0.002443706706353186,0.9221654833725976,0.0027880102297431677,True,5,3,56.259591817855835
32,50,32,0.4,40,0.0,0.001,0.9288794817358937,0.0012601780012569252,0.9287247992153377,0.0013573814096614666,0.93951984185478,0.0012151730074194274,0.9287247992153377,0.0013573814096614666,True,5,3,76.31285095214844
32,50,32,0.4,40,0.0,0.0005,0.9264302877617926,0.0017006171638534462,0.926272854071676,0.0018612126087819713,0.937320683211538,0.0019401286758133456,0.926272854071676,0.0018612126087819713,True,5,3,91.0793240070343
32,50,32,0.4,40,0.0001,0.001,0.9275077684161173,0.00280329068675894,0.9274151940986748,0.002923577119908051,0.9388931959472365,0.002136536419835372,0.9274151940986748,0.002923577119908051,True,5,3,75.444331407547
32,50,32,0.4,40,0.0001,0.0005,0.926136285437991,0.0011134166218011105,0.9260211274406257,0.001250983589873418,0.9373472145986398,0.0012560264554515364,0.9260211274406257,0.001250983589873418,True,5,3,92.30840396881104
